{
  "IcoMoonType": "selection",
  "icons": [
    {
      "icon": {
        "paths": [
          "M512 0c-282.88 0-512 229.12-512 512 0 226.56 146.56 417.92 350.080 485.76 25.6 4.48 35.2-10.88 35.2-24.32 0-12.16-0.64-52.48-0.64-95.36-128.64 23.68-161.92-31.36-172.16-60.16-5.76-14.72-30.72-60.16-52.48-72.32-17.92-9.6-43.52-33.28-0.64-33.92 40.32-0.64 69.12 37.12 78.72 52.48 46.080 77.44 119.68 55.68 149.12 42.24 4.48-33.28 17.92-55.68 32.64-68.48-113.92-12.8-232.96-56.96-232.96-252.8 0-55.68 19.84-101.76 52.48-137.6-5.12-12.8-23.040-65.28 5.12-135.68 0 0 42.88-13.44 140.8 52.48 40.96-11.52 84.48-17.28 128-17.28s87.040 5.76 128 17.28c97.92-66.56 140.8-52.48 140.8-52.48 28.16 70.4 10.24 122.88 5.12 135.68 32.64 35.84 52.48 81.28 52.48 137.6 0 196.48-119.68 240-233.6 252.8 18.56 16 34.56 46.72 34.56 94.72 0 68.48-0.64 123.52-0.64 140.8 0 13.44 9.6 29.44 35.2 24.32 202.24-67.84 348.8-259.84 348.8-485.76 0-282.88-229.12-512-512-512v0z"
        ],
        "attrs": [
          {}
        ],
        "isMulticolor": false,
        "isMulticolor2": false,
        "grid": 0,
        "tags": [
          "mark-github"
        ]
      },
      "attrs": [
        {}
      ],
      "properties": {
        "order": 30,
        "id": 0,
        "name": "github",
        "prevSize": 32,
        "code": 59660
      },
      "setIdx": 0,
      "setId": 3,
      "iconIdx": 0
    },
    {
      "icon": {
        "paths": [
          "M960 128h-896c-35.2 0-64 28.8-64 64v640c0 35.2 28.8 64 64 64h576v-64h-544c-17.6 0-32-14.4-32-32v-576c0-17.6 14.4-32 32-32h832c17.6 0 32 14.4 32 32v288h64v-320c0-35.2-28.8-64-64-64z"
        ],
        "attrs": [
          {}
        ],
        "isMulticolor": false,
        "grid": 0,
        "tags": [
          "default"
        ],
        "isMulticolor2": false,
        "colorPermutations": {
          "12552552551": [
            {}
          ]
        }
      },
      "attrs": [
        {}
      ],
      "properties": {
        "order": 21,
        "id": 0,
        "prevSize": 32,
        "code": 59648,
        "name": "default"
      },
      "setIdx": 1,
      "setId": 2,
      "iconIdx": 0
    },
    {
      "icon": {
        "paths": [
          "M1005.44 111.808h-986.88c-10.208 0-18.56 8.352-18.56 18.56v647.008c0 10.336 8.352 18.816 18.56 18.816h405.696l-12.128 99.808h-26.688v16.192h253.12v-16.192h-26.688l-12.128-99.776h405.696c10.208 0 18.56-8.48 18.56-18.816v-647.040c0-10.208-8.352-18.56-18.56-18.56zM984 655.264h-944v-503.456h944v503.456z"
        ],
        "attrs": [],
        "isMulticolor": false,
        "grid": 0,
        "tags": [
          "desktop"
        ],
        "colorPermutations": {
          "12552552551": [
            {
              "f": 0
            }
          ]
        }
      },
      "attrs": [],
      "properties": {
        "order": 17,
        "id": 1,
        "prevSize": 32,
        "code": 59649,
        "name": "desktop"
      },
      "setIdx": 1,
      "setId": 2,
      "iconIdx": 1
    },
    {
      "icon": {
        "paths": [
          "M699.328 0h-374.656c-41.92 0-76 34.080-76 76v872c0 41.92 34.080 76 76 76h374.688c41.92 0 76-34.080 76-76v-872c-0.032-41.92-34.112-76-76.032-76zM512 992c-17.664 0-32-14.304-32-32s14.336-32 32-32c17.696 0 32 14.304 32 32s-14.304 32-32 32zM735.328 896h-446.656v-800h446.688v800z"
        ],
        "attrs": [],
        "isMulticolor": false,
        "grid": 0,
        "tags": [
          "phone"
        ],
        "colorPermutations": {
          "12552552551": [
            {
              "f": 0
            }
          ]
        }
      },
      "attrs": [],
      "properties": {
        "order": 18,
        "id": 4,
        "prevSize": 32,
        "code": 59650,
        "name": "phone"
      },
      "setIdx": 1,
      "setId": 2,
      "iconIdx": 2
    },
    {
      "icon": {
        "paths": [
          "M810.944 0h-597.888c-21.056 0-38.144 17.088-38.144 38.144v947.648c0 21.152 17.088 38.208 38.144 38.208h597.888c21.088 0 38.144-17.056 38.144-38.176v-947.68c0.032-21.056-17.056-38.144-38.144-38.144zM512 992c-17.696 0-32-14.304-32-32s14.304-32 32-32 32 14.304 32 32-14.304 32-32 32zM809.088 896h-594.176v-800h594.176v800z"
        ],
        "attrs": [],
        "isMulticolor": false,
        "grid": 0,
        "tags": [
          "tablet"
        ],
        "colorPermutations": {
          "12552552551": [
            {
              "f": 0
            }
          ]
        }
      },
      "attrs": [],
      "properties": {
        "order": 22,
        "id": 8,
        "name": "tablet",
        "prevSize": 32,
        "code": 59651
      },
      "setIdx": 1,
      "setId": 2,
      "iconIdx": 3
    },
    {
      "icon": {
        "paths": [
          "M1019.68 268.416c-0.224-0.48-0.512-0.928-0.736-1.376-1.28-2.624-2.752-5.088-4.512-7.424-0.192-0.288-0.448-0.544-0.672-0.832-1.952-2.496-4.128-4.768-6.496-6.848-0.064-0.032-0.096-0.064-0.16-0.128-8.384-7.232-19.2-11.808-31.104-11.808h-928c-8.288 0-15.968 2.304-22.784 6.016v0c-0.032 0-0.032 0.032-0.064 0.032-2.944 1.632-5.664 3.52-8.192 5.696-0.128 0.096-0.224 0.16-0.32 0.256-2.336 2.016-4.448 4.288-6.368 6.72-0.256 0.32-0.512 0.608-0.768 0.928-1.664 2.272-3.136 4.704-4.384 7.264-0.288 0.544-0.608 1.024-0.832 1.536-1.376 3.040-2.464 6.208-3.168 9.504 0 0.032-0.032 0.032-0.032 0.032v0.032c-0.704 3.232-1.088 6.56-1.088 9.984v448c0 26.4 21.6 48 48 48h928c26.4 0 48-21.6 48-48v-448c0-6.976-1.6-13.568-4.32-19.584zM947.008 280l-435.008 285.472-435.008-285.472h870.016zM984 712c0 17.6-14.4 32-32 32h-880c-17.6 0-32-14.4-32-32v-400c0-2.624 0.896-4.992 1.504-7.424l470.496 308.736 470.496-308.736c0.608 2.464 1.504 4.8 1.504 7.424v400z"
        ],
        "attrs": [],
        "isMulticolor": false,
        "grid": 0,
        "tags": [
          "email"
        ],
        "colorPermutations": {
          "12552552551": [
            {
              "f": 0
            }
          ]
        }
      },
      "attrs": [],
      "properties": {
        "order": 20,
        "id": 3,
        "prevSize": 32,
        "code": 59652,
        "name": "email"
      },
      "setIdx": 1,
      "setId": 2,
      "iconIdx": 4
    },
    {
      "icon": {
        "paths": [
          "M840 0h-648v112h-160v288h160v624h800v-872l-152-152zM840 56.576l95.424 95.424h-95.424v-95.424zM952 984h-720v-584h504v-288h-504v-72h568v152h152v792z"
        ],
        "attrs": [],
        "isMulticolor": false,
        "grid": 0,
        "tags": [
          "pdf"
        ],
        "colorPermutations": {
          "12552552551": [
            {
              "f": 0
            }
          ]
        }
      },
      "attrs": [],
      "properties": {
        "order": 23,
        "id": 6,
        "name": "pdf",
        "prevSize": 32,
        "code": 59653
      },
      "setIdx": 1,
      "setId": 2,
      "iconIdx": 5
    },
    {
      "icon": {
        "paths": [
          "M948.192 0h-872.608c-41.696 0-75.584 33.056-75.584 73.824v876.256c0 40.8 33.888 73.92 75.584 73.92h872.608c41.792 0 75.808-33.12 75.808-73.92v-876.256c0-40.768-34.016-73.824-75.808-73.824zM303.712 872.576h-151.904v-488.672h151.904v488.672zM227.808 317.088c-48.672 0-88.064-39.456-88.064-88.064 0-48.576 39.392-88.032 88.064-88.032 48.576 0 88 39.456 88 88.032 0 48.608-39.456 88.064-88 88.064zM872.576 872.576h-151.776v-237.632c0-56.672-1.024-129.6-78.912-129.6-79.040 0-91.168 61.76-91.168 125.472v241.76h-151.744v-488.672h145.664v66.752h2.048c20.256-38.4 69.824-78.912 143.68-78.912 153.824 0 182.176 101.216 182.176 232.768v268.064z"
        ],
        "attrs": [],
        "isMulticolor": false,
        "grid": 0,
        "tags": [
          "linkedin"
        ],
        "colorPermutations": {
          "12552552551": []
        }
      },
      "attrs": [],
      "properties": {
        "order": 24,
        "id": 7,
        "name": "linkedin",
        "prevSize": 32,
        "code": 59654
      },
      "setIdx": 1,
      "setId": 2,
      "iconIdx": 6
    },
    {
      "icon": {
        "paths": [
          "M948.192 0h-872.608c-41.696 0-75.584 33.056-75.584 73.824v876.256c0 40.8 33.888 73.92 75.584 73.92h872.608c41.824 0 75.808-33.12 75.808-73.952v-876.224c0-40.768-33.984-73.824-75.808-73.824zM769.632 815.68c-23.68 31.136-95.136 56.8-167.328 56.8-179.232 0-276.224-66.048-276.224-206.016 0-42.528 0-175.392 0-175.392h-73.44c-1.664 0-2.976-1.312-2.976-2.976v-142.4c0-1.312 0.832-2.432 2.048-2.912l8.032-2.624c71.872-24.096 110.176-74.112 120.416-157.536 2.464-20.192 19.392-31.104 34.048-31.104h205.28c1.664 0 3.008 1.376 3.008 3.072v161.664c0 1.6 1.344 2.976 3.008 2.976h117.056c1.664 0 3.008 1.312 3.008 3.008v165.856c0 1.664-1.344 2.976-3.008 2.976h-117.536c-1.696 0-3.072 1.408-3.072 3.008v162.112c0.16 6.72 0.8 12.032 1.984 16.544 0.352 1.312 1.568 2.144 2.944 2.144h99.904c1.312 0 2.432 0.832 2.848 2.048l44.704 132.512-4.704 6.24z",
          "M706.752 711.168c-17.056 6.56-35.808 10.368-52.096 10.368-40.576 0-61.504-21.856-62.176-65.056v-191.936c0-1.6 1.344-3.008 3.040-3.008h117.536c1.664 0 3.008-1.312 3.008-2.976v-106.816c0-1.664-1.344-2.976-3.008-2.976h-117.056c-1.664 0-3.008-1.408-3.008-2.976v-161.696c0-1.696-1.344-3.104-3.008-3.104h-94.048c-0.032 0-4.16 0.192-4.768 5.152-11.072 90.080-53.12 148.288-128.384 177.632-1.152 0.48-1.92 1.504-1.92 2.784v91.968c0 1.696 1.344 2.976 2.976 2.976h70.464c1.696 0 3.008 1.408 3.008 3.008v201.952c0 65.728 38.88 176.864 184.544 176.864 1.696 0 3.296 0 4.928 0 44.32-0.736 90.496-16.896 113.024-38.528 0.832-0.736 1.12-2.048 0.672-3.2l-29.856-88.608c-0.544-1.568-2.24-2.368-3.872-1.824z"
        ],
        "attrs": [],
        "isMulticolor": false,
        "grid": 0,
        "tags": [
          "tumblr"
        ],
        "colorPermutations": {
          "12552552551": [
            {
              "f": 0
            },
            {
              "f": 0
            }
          ]
        }
      },
      "attrs": [],
      "properties": {
        "order": 25,
        "id": 5,
        "name": "tumblr",
        "prevSize": 32,
        "code": 59655,
        "codes": [
          59655,
          59656
        ]
      },
      "setIdx": 1,
      "setId": 2,
      "iconIdx": 7
    },
    {
      "icon": {
        "paths": [
          "M511.968 256.015l255.982 255.982-255.982 255.982-255.982-255.982 255.982-255.982z"
        ],
        "attrs": [],
        "isMulticolor": false,
        "grid": 0,
        "tags": [
          "diamond-bullet"
        ],
        "colorPermutations": {
          "12552552551": [
            {
              "f": 0
            }
          ]
        }
      },
      "attrs": [],
      "properties": {
        "order": 26,
        "id": 9,
        "prevSize": 32,
        "code": 59656,
        "name": "diamond-bullet"
      },
      "setIdx": 1,
      "setId": 2,
      "iconIdx": 8
    },
    {
      "icon": {
        "paths": [
          "M192 688h640v32h-640v-32z",
          "M192 496h640v32h-640v-32z",
          "M192 304h640v32h-640v-32z"
        ],
        "attrs": [
          {},
          {},
          {}
        ],
        "isMulticolor": false,
        "isMulticolor2": false,
        "grid": 0,
        "tags": [
          "menu"
        ],
        "colorPermutations": {
          "12552552551": [
            {},
            {},
            {}
          ]
        }
      },
      "attrs": [
        {},
        {},
        {}
      ],
      "properties": {
        "order": 27,
        "id": 10,
        "prevSize": 32,
        "code": 59657,
        "name": "menu"
      },
      "setIdx": 1,
      "setId": 2,
      "iconIdx": 9
    },
    {
      "icon": {
        "paths": [
          "M274.402 726.962l452.544-452.544 22.627 22.627-452.544 452.544-22.627-22.627z",
          "M297.045 274.402l452.544 452.544-22.627 22.627-452.544-452.544 22.627-22.627z"
        ],
        "attrs": [
          {},
          {}
        ],
        "isMulticolor": false,
        "isMulticolor2": false,
        "grid": 0,
        "tags": [
          "close"
        ],
        "colorPermutations": {
          "12552552551": [
            {},
            {}
          ]
        }
      },
      "attrs": [
        {},
        {}
      ],
      "properties": {
        "order": 28,
        "id": 11,
        "prevSize": 32,
        "code": 59658,
        "name": "close"
      },
      "setIdx": 1,
      "setId": 2,
      "iconIdx": 10
    },
    {
      "icon": {
        "paths": [
          "M642.112 512l-22.624-22.656v0.032l-214.976-214.976-22.624 22.656 214.976 214.944-214.976 214.976 22.624 22.624 237.6-237.6z"
        ],
        "attrs": [
          {}
        ],
        "isMulticolor": false,
        "isMulticolor2": false,
        "grid": 0,
        "tags": [
          "arrow"
        ],
        "colorPermutations": {
          "12552552551": [
            {}
          ]
        }
      },
      "attrs": [
        {}
      ],
      "properties": {
        "order": 29,
        "id": 12,
        "prevSize": 32,
        "code": 59659,
        "name": "arrow"
      },
      "setIdx": 1,
      "setId": 2,
      "iconIdx": 11
    }
  ],
  "height": 1024,
  "metadata": {
    "name": "icomoon"
  },
  "preferences": {
    "showGlyphs": true,
    "showCodes": true,
    "showQuickUse": true,
    "showQuickUse2": true,
    "showSVGs": true,
    "fontPref": {
      "prefix": "icon-",
      "metadata": {
        "fontFamily": "icomoon",
        "majorVersion": 1,
        "minorVersion": 0
      },
      "metrics": {
        "emSize": 1024,
        "baseline": 6.25,
        "whitespace": 50
      },
      "embed": false
    },
    "imagePref": {
      "prefix": "icon-",
      "png": true,
      "useClassSelector": true,
      "color": 0,
      "bgColor": 16777215,
      "classSelector": ".icon"
    },
    "historySize": 100,
    "gridSize": 16
  }
}